"Address","Name","Status"
"00401000","sub_00401000","unclassified"
"004012D0","sub_004012D0","unclassified"
"00401310","sub_00401310","unclassified"
"004013B0","sub_004013B0","unclassified"
"00401400","sub_00401400","unclassified"
"00401760","sub_00401760","unclassified"
"004017A0","sub_004017A0","unclassified"
"004017C0","sub_004017C0","unclassified"
"00401820","sub_00401820","unclassified"
"004018C0","sub_004018C0","unclassified"
"004019B0","sub_004019B0","unclassified"
"00401A60","sub_00401A60","unclassified"
"00401E10","sub_00401E10","unclassified"
"00401EE0","sub_00401EE0","unclassified"
"00401F60","sub_00401F60","unclassified"
"00401F80","sub_00401F80","unclassified"
"00401FC0","sub_00401FC0","unclassified"
"00402110","sub_00402110","unclassified"
"004022B0","sub_004022B0","unclassified"
"00402310","sub_00402310","unclassified"
"00402420","sub_00402420","unclassified"
"004024C0","sub_004024C0","unclassified"
"00402BF0","sub_00402BF0","unclassified"
"00402C00","sub_00402C00","unclassified"
"00402C30","sub_00402C30","unclassified"
"00402E00","sub_00402E00","unclassified"
"00402E50","sub_00402E50","unclassified"
"00402EC0","sub_00402EC0","unclassified"
"00402EE0","sub_00402EE0","unclassified"
"00402FD0","sub_00402FD0","unclassified"
"00403010","sub_00403010","unclassified"
"00403060","sub_00403060","unclassified"
"00403470","sub_00403470","unclassified"
"00403490","sub_00403490","unclassified"
"00403500","sub_00403500","unclassified"
"00403620","sub_00403620","unclassified"
"00403690","sub_00403690","unclassified"
"004037D0","sub_004037D0","unclassified"
"00403C70","sub_00403C70","unclassified"
"00404170","sub_00404170","unclassified"
"00404190","sub_00404190","unclassified"
"00404650","sub_00404650","unclassified"
"00404B70","sub_00404B70","unclassified"
"00404D90","sub_00404D90","unclassified"
"00405050","sub_00405050","unclassified"
"004052C0","sub_004052C0","unclassified"
"00405550","sub_00405550","unclassified"
"004055C0","sub_004055C0","unclassified"
"00405650","sub_00405650","unclassified"
"004056F0","sub_004056F0","unclassified"
"00405790","sub_00405790","unclassified"
"004057B0","sub_004057B0","unclassified"
"004057D0","sub_004057D0","unclassified"
"004057E0","sub_004057E0","unclassified"
"00405820","sub_00405820","unclassified"
"00405920","sub_00405920","unclassified"
"00405A50","sub_00405A50","unclassified"
"00405FF0","sub_00405FF0","unclassified"
"00406030","sub_00406030","unclassified"
"004060E0","sub_004060E0","unclassified"
"00406140","sub_00406140","unclassified"
"004061D0","sub_004061D0","unclassified"
"00406270","sub_00406270","unclassified"
"00406430","sub_00406430","unclassified"
"004068A0","sub_004068A0","unclassified"
"00406990","sub_00406990","unclassified"
"004069E0","sub_004069E0","unclassified"
"00406A00","sub_00406A00","unclassified"
"00406D60","sub_00406D60","unclassified"
"00406FF0","sub_00406FF0","unclassified"
"00407040","sub_00407040","unclassified"
"00407070","sub_00407070","unclassified"
"004070B0","sub_004070B0","unclassified"
"00407120","sub_00407120","unclassified"
"00407180","sub_00407180","unclassified"
"00407190","sub_00407190","unclassified"
"004071C0","sub_004071C0","unclassified"
"004071E0","sub_004071E0","unclassified"
"00407230","sub_00407230","unclassified"
"00407250","sub_00407250","unclassified"
"00407270","sub_00407270","unclassified"
"004072A0","sub_004072A0","unclassified"
"004072C0","sub_004072C0","unclassified"
"004072E0","sub_004072E0","unclassified"
"00407370","sub_00407370","unclassified"
"00407400","sub_00407400","unclassified"
"00407490","sub_00407490","unclassified"
"00407610","sub_00407610","unclassified"
"00407780","sub_00407780","unclassified"
"00407900","sub_00407900","unclassified"
"004079A0","sub_004079A0","unclassified"
"004079C0","sub_004079C0","unclassified"
"00407A60","sub_00407A60","unclassified"
"00407B00","sub_00407B00","unclassified"
"00407B90","sub_00407B90","unclassified"
"00407D30","sub_00407D30","unclassified"
"00407D80","sub_00407D80","unclassified"
"00407FA0","sub_00407FA0","unclassified"
"00407FE0","sub_00407FE0","unclassified"
"00407FF0","sub_00407FF0","unclassified"
"00408010","sub_00408010","unclassified"
"004080B0","sub_004080B0","unclassified"
"00408150","sub_00408150","unclassified"
"00408180","sub_00408180","unclassified"
"004081F0","sub_004081F0","unclassified"
"00408220","sub_00408220","unclassified"
"00408250","sub_00408250","unclassified"
"004082F0","sub_004082F0","unclassified"
"00408310","sub_00408310","unclassified"
"00408430","sub_00408430","unclassified"
"00408440","sub_00408440","unclassified"
"00408460","sub_00408460","unclassified"
"00408470","sub_00408470","unclassified"
"004084A0","sub_004084A0","unclassified"
"004084C0","sub_004084C0","unclassified"
"00408500","sub_00408500","unclassified"
"00408530","sub_00408530","unclassified"
"00408570","sub_00408570","unclassified"
"004086F0","sub_004086F0","unclassified"
"00408C90","sub_00408C90","unclassified"
"00408D10","sub_00408D10","unclassified"
"00408DD0","sub_00408DD0","unclassified"
"00409000","sub_00409000","unclassified"
"00409130","sub_00409130","unclassified"
"00409240","sub_00409240","unclassified"
"00409730","sub_00409730","unclassified"
"00409D10","sub_00409D10","unclassified"
"0040A140","sub_0040A140","unclassified"
"0040A3F0","sub_0040A3F0","unclassified"
"0040A600","sub_0040A600","unclassified"
"0040A6A0","sub_0040A6A0","unclassified"
"0040A8B0","sub_0040A8B0","unclassified"
"0040A8D0","sub_0040A8D0","unclassified"
"0040A8F0","sub_0040A8F0","unclassified"
"0040A9C0","sub_0040A9C0","unclassified"
"0040AA80","sub_0040AA80","unclassified"
"0040AB80","sub_0040AB80","unclassified"
"0040AEF0","sub_0040AEF0","unclassified"
"0040B290","sub_0040B290","unclassified"
"0040BE60","sub_0040BE60","unclassified"
"0040BEC0","sub_0040BEC0","unclassified"
"0040C460","sub_0040C460","unclassified"
"0040C8D0","sub_0040C8D0","unclassified"
"0040D210","sub_0040D210","unclassified"
"0040D960","sub_0040D960","unclassified"
"0040E1C0","sub_0040E1C0","unclassified"
"0040E600","sub_0040E600","unclassified"
"0040F420","sub_0040F420","unclassified"
"0040F5B0","sub_0040F5B0","unclassified"
"0040F5D0","sub_0040F5D0","unclassified"
"0040F5F0","sub_0040F5F0","unclassified"
"0040F700","sub_0040F700","unclassified"
"0040F7A0","sub_0040F7A0","unclassified"
"0040FB00","sub_0040FB00","unclassified"
"004106C0","sub_004106C0","unclassified"
"00410700","sub_00410700","unclassified"
"00410770","sub_00410770","unclassified"
"00410830","sub_00410830","unclassified"
"00410870","sub_00410870","unclassified"
"004108B0","sub_004108B0","unclassified"
"00410940","sub_00410940","unclassified"
"004109C0","sub_004109C0","unclassified"
"00410CB0","sub_00410CB0","unclassified"
"00410ED0","sub_00410ED0","unclassified"
"00411090","sub_00411090","unclassified"
"004111E0","sub_004111E0","unclassified"
"004112A0","sub_004112A0","unclassified"
"004112E0","sub_004112E0","unclassified"
"004114C0","sub_004114C0","unclassified"
"00411650","sub_00411650","unclassified"
"00411670","sub_00411670","unclassified"
"00411B30","sub_00411B30","unclassified"
"00411B60","sub_00411B60","unclassified"
"00411C90","sub_00411C90","unclassified"
"00411CF0","sub_00411CF0","unclassified"
"00411E20","sub_00411E20","unclassified"
"00411F30","sub_00411F30","unclassified"
"00411F80","sub_00411F80","unclassified"
"00411FB0","sub_00411FB0","unclassified"
"00411FF0","sub_00411FF0","unclassified"
"00412010","sub_00412010","unclassified"
"00412090","sub_00412090","unclassified"
"00412820","sub_00412820","unclassified"
"00412890","sub_00412890","unclassified"
"00412D90","sub_00412D90","unclassified"
"004130C0","sub_004130C0","unclassified"
"00413140","sub_00413140","unclassified"
"00413550","sub_00413550","unclassified"
"00413720","sub_00413720","unclassified"
"004137B0","sub_004137B0","unclassified"
"004137F0","sub_004137F0","unclassified"
"00414350","sub_00414350","unclassified"
"004145B0","sub_004145B0","unclassified"
"00414770","sub_00414770","unclassified"
"00415E90","sub_00415E90","unclassified"
"00415F30","sub_00415F30","unclassified"
"004191F0","sub_004191F0","unclassified"
"00419470","sub_00419470","unclassified"
"00419660","sub_00419660","unclassified"
"004196E0","sub_004196E0","unclassified"
"00419BB0","sub_00419BB0","unclassified"
"00419ED0","sub_00419ED0","unclassified"
"00419F60","sub_00419F60","unclassified"
"00419FF0","sub_00419FF0","unclassified"
"0041A060","sub_0041A060","unclassified"
"0041A230","sub_0041A230","unclassified"
"0041A2B0","sub_0041A2B0","unclassified"
"0041A6B0","sub_0041A6B0","unclassified"
"0041A810","sub_0041A810","unclassified"
"0041AAB0","sub_0041AAB0","unclassified"
"0041B130","sub_0041B130","unclassified"
"0041D430","sub_0041D430","unclassified"
"0041D520","sub_0041D520","unclassified"
"0041D5F0","sub_0041D5F0","unclassified"
"0041D830","sub_0041D830","unclassified"
"0041DB40","sub_0041DB40","unclassified"
"0041DCF0","sub_0041DCF0","unclassified"
"0041DFE0","sub_0041DFE0","unclassified"
"0041E570","sub_0041E570","unclassified"
"0041F330","sub_0041F330","unclassified"
"0041F350","sub_0041F350","unclassified"
"0041F3D0","sub_0041F3D0","unclassified"
"0041F450","sub_0041F450","unclassified"
"0041F490","sub_0041F490","unclassified"
"0041F500","sub_0041F500","unclassified"
"0041F580","sub_0041F580","unclassified"
"0041F7A0","sub_0041F7A0","unclassified"
"0041F880","sub_0041F880","unclassified"
"0041F990","sub_0041F990","unclassified"
"0041FB80","sub_0041FB80","unclassified"
"0041FBD0","sub_0041FBD0","unclassified"
"004200F0","sub_004200F0","unclassified"
"004201E0","sub_004201E0","unclassified"
"00420210","sub_00420210","unclassified"
"00420240","sub_00420240","unclassified"
"00420260","sub_00420260","unclassified"
"00420270","sub_00420270","unclassified"
"004202B0","sub_004202B0","unclassified"
"004202D0","sub_004202D0","unclassified"
"00420300","sub_00420300","unclassified"
"00420310","sub_00420310","unclassified"
"004203B0","sub_004203B0","unclassified"
"004203D0","sub_004203D0","unclassified"
"00420410","sub_00420410","unclassified"
"004204D0","sub_004204D0","unclassified"
"004204E0","sub_004204E0","unclassified"
"004204F0","sub_004204F0","unclassified"
"00420510","sub_00420510","unclassified"
"00420520","sub_00420520","unclassified"
"00420540","sub_00420540","unclassified"
"004205C0","sub_004205C0","unclassified"
"004206F0","sub_004206F0","unclassified"
"00420700","sub_00420700","unclassified"
"00420740","sub_00420740","unclassified"
"00420750","sub_00420750","unclassified"
"00420760","sub_00420760","unclassified"
"00420770","sub_00420770","unclassified"
"00420780","sub_00420780","unclassified"
"00420790","sub_00420790","unclassified"
"004207F0","sub_004207F0","unclassified"
"004208C0","sub_004208C0","unclassified"
"00420A60","sub_00420A60","unclassified"
"00420E90","sub_00420E90","unclassified"
"004214E0","sub_004214E0","unclassified"
"00421510","sub_00421510","unclassified"
"004215A0","sub_004215A0","unclassified"
"00421630","sub_00421630","unclassified"
"004216C0","sub_004216C0","unclassified"
"00421830","sub_00421830","unclassified"
"00421910","sub_00421910","unclassified"
"00421960","sub_00421960","unclassified"
"00421A60","sub_00421A60","unclassified"
"00421B10","sub_00421B10","unclassified"
"00421BD0","sub_00421BD0","unclassified"
"00422950","sub_00422950","unclassified"
"004229C0","sub_004229C0","unclassified"
"00422A40","sub_00422A40","unclassified"
"00422A60","sub_00422A60","unclassified"
"00422A80","sub_00422A80","unclassified"
"00422AE0","sub_00422AE0","unclassified"
"00422B20","sub_00422B20","unclassified"
"00422B40","sub_00422B40","unclassified"
"00422D00","sub_00422D00","unclassified"
"00422EF0","sub_00422EF0","unclassified"
"004237F0","sub_004237F0","unclassified"
"00423C90","sub_00423C90","unclassified"
"00423F70","sub_00423F70","unclassified"
"00424070","sub_00424070","unclassified"
"004240F0","sub_004240F0","unclassified"
"00424100","sub_00424100","unclassified"
"00424580","sub_00424580","unclassified"
"00424600","sub_00424600","unclassified"
"00424640","sub_00424640","unclassified"
"00424D40","sub_00424D40","unclassified"
"004251F0","sub_004251F0","unclassified"
"00425340","sub_00425340","unclassified"
"004253A0","sub_004253A0","unclassified"
"004253C0","sub_004253C0","unclassified"
"004253E0","sub_004253E0","unclassified"
"00425490","sub_00425490","unclassified"
"00425510","sub_00425510","unclassified"
"004255C0","sub_004255C0","unclassified"
"004255F0","sub_004255F0","unclassified"
"00425900","sub_00425900","unclassified"
"00425980","sub_00425980","unclassified"
"00426270","sub_00426270","unclassified"
"004262E0","sub_004262E0","unclassified"
"00426390","sub_00426390","unclassified"
"00426520","sub_00426520","unclassified"
"00426770","sub_00426770","unclassified"
"004269D0","sub_004269D0","unclassified"
"00426A20","sub_00426A20","unclassified"
"00426BD0","sub_00426BD0","unclassified"
"00426E90","sub_00426E90","unclassified"
"00427050","sub_00427050","unclassified"
"00427370","sub_00427370","unclassified"
"004273D0","sub_004273D0","unclassified"
"00427410","sub_00427410","unclassified"
"00428060","sub_00428060","unclassified"
"004281C0","sub_004281C0","unclassified"
"00428350","sub_00428350","unclassified"
"00428750","sub_00428750","unclassified"
"00428920","sub_00428920","unclassified"
"00428A70","sub_00428A70","unclassified"
"00428D60","sub_00428D60","unclassified"
"00428E30","sub_00428E30","unclassified"
"00428FE0","sub_00428FE0","unclassified"
"004292B0","sub_004292B0","unclassified"
"00429450","sub_00429450","unclassified"
"00429470","sub_00429470","unclassified"
"004296E0","sub_004296E0","unclassified"
"00429770","sub_00429770","unclassified"
"00429A90","sub_00429A90","unclassified"
"00429C50","sub_00429C50","unclassified"
"00429D10","sub_00429D10","unclassified"
"00429DC0","sub_00429DC0","unclassified"
"00429E60","sub_00429E60","unclassified"
"00429E80","sub_00429E80","unclassified"
"00429EE0","sub_00429EE0","unclassified"
"00429F70","sub_00429F70","unclassified"
"00429FE0","sub_00429FE0","unclassified"
"00429FF0","sub_00429FF0","unclassified"
"0042A030","sub_0042A030","unclassified"
"0042A170","sub_0042A170","unclassified"
"0042A190","sub_0042A190","unclassified"
"0042AAA0","sub_0042AAA0","unclassified"
"0042ADC0","sub_0042ADC0","unclassified"
"0042AE20","sub_0042AE20","unclassified"
"0042AE60","sub_0042AE60","unclassified"
"0042AFD0","sub_0042AFD0","unclassified"
"0042B070","sub_0042B070","unclassified"
"0042B0E0","sub_0042B0E0","unclassified"
"0042B290","sub_0042B290","unclassified"
"0042B350","sub_0042B350","unclassified"
"0042B430","sub_0042B430","unclassified"
"0042B4E0","sub_0042B4E0","unclassified"
"0042B5E0","sub_0042B5E0","unclassified"
"0042B620","sub_0042B620","unclassified"
"0042B630","sub_0042B630","unclassified"
"0042B680","sub_0042B680","unclassified"
"0042B6A0","sub_0042B6A0","unclassified"
"0042B6E0","sub_0042B6E0","unclassified"
"0042B710","sub_0042B710","unclassified"
"0042B740","sub_0042B740","unclassified"
"0042B770","sub_0042B770","unclassified"
"0042B790","sub_0042B790","unclassified"
"0042B7B0","sub_0042B7B0","unclassified"
"0042B900","sub_0042B900","unclassified"
"0042B930","sub_0042B930","unclassified"
"0042B960","sub_0042B960","unclassified"
"0042BB80","sub_0042BB80","unclassified"
"0042BD70","sub_0042BD70","unclassified"
"0042BD90","sub_0042BD90","unclassified"
"0042BE60","sub_0042BE60","unclassified"
"0042BE90","sub_0042BE90","unclassified"
"0042BFE0","sub_0042BFE0","unclassified"
"0042BFF0","sub_0042BFF0","unclassified"
"0042DCB0","sub_0042DCB0","unclassified"
"0042DD20","sub_0042DD20","unclassified"
"0042DD80","sub_0042DD80","unclassified"
"0042DDE0","sub_0042DDE0","unclassified"
"0042DE00","sub_0042DE00","unclassified"
"0042E9B0","sub_0042E9B0","unclassified"
"0042EB80","sub_0042EB80","unclassified"
"0042ED20","sub_0042ED20","unclassified"
"0042EF20","sub_0042EF20","unclassified"
"0042F020","sub_0042F020","unclassified"
"0042F380","sub_0042F380","unclassified"
"0042F4B0","sub_0042F4B0","unclassified"
"0042F5F0","sub_0042F5F0","unclassified"
"0042F750","sub_0042F750","unclassified"
"0042F920","sub_0042F920","unclassified"
"0042F9C0","sub_0042F9C0","unclassified"
"004315D0","sub_004315D0","unclassified"
"00431690","sub_00431690","unclassified"
"00431860","sub_00431860","unclassified"
"00431A30","sub_00431A30","unclassified"
"00431C10","sub_00431C10","unclassified"
"00431DE0","sub_00431DE0","unclassified"
"00431E40","sub_00431E40","unclassified"
"00431FA0","sub_00431FA0","unclassified"
"00432190","sub_00432190","unclassified"
"00432240","sub_00432240","unclassified"
"00432360","sub_00432360","unclassified"
"00432420","sub_00432420","unclassified"
"00432670","sub_00432670","unclassified"
"004327D0","sub_004327D0","unclassified"
"00432A00","sub_00432A00","unclassified"
"00432CE0","sub_00432CE0","unclassified"
"00432E90","sub_00432E90","unclassified"
"00432EF0","sub_00432EF0","unclassified"
"00432F40","sub_00432F40","unclassified"
"00433830","sub_00433830","unclassified"
"00433ED0","sub_00433ED0","unclassified"
"00434170","sub_00434170","unclassified"
"004341F0","sub_004341F0","unclassified"
"00434360","sub_00434360","unclassified"
"00434510","sub_00434510","unclassified"
"00434670","sub_00434670","unclassified"
"004346A0","sub_004346A0","unclassified"
"004347A0","sub_004347A0","unclassified"
"00434FE0","sub_00434FE0","unclassified"
"00435230","sub_00435230","unclassified"
"00436060","sub_00436060","unclassified"
"004360A0","sub_004360A0","unclassified"
"00436130","sub_00436130","unclassified"
"00436550","sub_00436550","unclassified"
"00439500","sub_00439500","unclassified"
"0043C740","sub_0043C740","unclassified"
"0043E5C0","sub_0043E5C0","unclassified"
"0043E630","sub_0043E630","unclassified"
"0043F740","sub_0043F740","unclassified"
"0043FD00","sub_0043FD00","unclassified"
"0043FEF0","sub_0043FEF0","unclassified"
"0043FF60","sub_0043FF60","unclassified"
"00440090","sub_00440090","unclassified"
"004400C0","sub_004400C0","unclassified"
"00440180","sub_00440180","unclassified"
"004401E0","sub_004401E0","unclassified"
"004406A0","sub_004406A0","unclassified"
"004406F0","sub_004406F0","unclassified"
"00440710","sub_00440710","unclassified"
"00440750","sub_00440750","unclassified"
"00440790","sub_00440790","unclassified"
"004407E0","sub_004407E0","unclassified"
"00440810","sub_00440810","unclassified"
"00440840","sub_00440840","unclassified"
"004408B0","sub_004408B0","unclassified"
"004408F0","sub_004408F0","unclassified"
"00440920","sub_00440920","unclassified"
"004409A0","sub_004409A0","unclassified"
"00440AB0","sub_00440AB0","unclassified"
"00440AC0","sub_00440AC0","unclassified"
"00440B90","sub_00440B90","unclassified"
"00440C50","sub_00440C50","unclassified"
"00440CC0","sub_00440CC0","unclassified"
"004413F0","sub_004413F0","unclassified"
"00441420","sub_00441420","unclassified"
"00441470","sub_00441470","unclassified"
"004419E0","sub_004419E0","unclassified"
"00441A90","sub_00441A90","unclassified"
"00441DE0","sub_00441DE0","unclassified"
"00441E10","sub_00441E10","unclassified"
"00441E50","sub_00441E50","unclassified"
"00441E80","sub_00441E80","unclassified"
"00441EA0","sub_00441EA0","unclassified"
"00441F30","sub_00441F30","unclassified"
"00442650","sub_00442650","unclassified"
"00443E88","sub_00443E88","unclassified"
"00443E8E","sub_00443E8E","unclassified"
"00443E94","sub_00443E94","unclassified"
"00443EA0","sub_00443EA0","unclassified"
"00443EC0","sub_00443EC0","unclassified"
"00443F10","sub_00443F10","unclassified"
"00443F70","sub_00443F70","unclassified"
"00443FB0","sub_00443FB0","unclassified"
"00443FE0","sub_00443FE0","unclassified"
"00444030","sub_00444030","unclassified"
"004440F0","sub_004440F0","unclassified"
"00444350","sub_00444350","unclassified"
"00444400","sub_00444400","unclassified"
"00444440","sub_00444440","unclassified"
"004444E0","sub_004444E0","unclassified"
"00444690","sub_00444690","unclassified"
"00444700","sub_00444700","unclassified"
"00444770","sub_00444770","unclassified"
"004447A0","sub_004447A0","unclassified"
"004447C0","sub_004447C0","unclassified"
"00444860","sub_00444860","unclassified"
"00444870","sub_00444870","unclassified"
"004448A0","sub_004448A0","unclassified"
"00444940","sub_00444940","unclassified"
"00444950","sub_00444950","unclassified"
"00444980","sub_00444980","unclassified"
"004449A0","sub_004449A0","unclassified"
"004449C0","sub_004449C0","unclassified"
"00444A70","sub_00444A70","unclassified"
"00444A90","sub_00444A90","unclassified"
"00444B10","sub_00444B10","unclassified"
"00444C10","sub_00444C10","unclassified"
"00444C90","sub_00444C90","unclassified"
"00444DD0","sub_00444DD0","unclassified"
"00444F20","sub_00444F20","unclassified"
"00444FA0","sub_00444FA0","unclassified"
"00444FD0","sub_00444FD0","unclassified"
"00445020","sub_00445020","unclassified"
"00445080","sub_00445080","unclassified"
"00445270","sub_00445270","unclassified"
"004453A0","sub_004453A0","unclassified"
"00445490","sub_00445490","unclassified"
"004456F0","sub_004456F0","unclassified"
"004457D0","sub_004457D0","unclassified"
"004457F2","sub_004457F2","unclassified"
"004459C5","sub_004459C5","unclassified"
"004459F0","sub_004459F0","unclassified"
"00445A80","sub_00445A80","unclassified"
"00445A9D","sub_00445A9D","unclassified"
"00445B50","sub_00445B50","unclassified"
"00445C80","sub_00445C80","unclassified"
"00445DA0","sub_00445DA0","unclassified"
"00445F50","sub_00445F50","unclassified"
"00445FB0","sub_00445FB0","unclassified"
"00445FE0","sub_00445FE0","unclassified"
"00446020","sub_00446020","unclassified"
"00446360","sub_00446360","unclassified"
"00446390","sub_00446390","unclassified"
"00446530","sub_00446530","unclassified"
"00446560","sub_00446560","unclassified"
"00446580","sub_00446580","unclassified"
"004465C0","sub_004465C0","unclassified"
"00446730","sub_00446730","unclassified"
"00446790","sub_00446790","unclassified"
"00446860","sub_00446860","unclassified"
"004468C0","sub_004468C0","unclassified"
"00446920","sub_00446920","unclassified"
"00446B60","sub_00446B60","unclassified"
"00446CE0","sub_00446CE0","unclassified"
"00446DB0","sub_00446DB0","unclassified"
"00446E20","sub_00446E20","unclassified"
"00446FA0","sub_00446FA0","unclassified"
"004470E0","sub_004470E0","unclassified"
"004471E0","sub_004471E0","unclassified"
"00447290","sub_00447290","unclassified"
"004472C0","sub_004472C0","unclassified"
"00447360","sub_00447360","unclassified"
"00447390","sub_00447390","unclassified"
"00447400","sub_00447400","unclassified"
"004474C0","sub_004474C0","unclassified"
"00447570","sub_00447570","unclassified"
"00447610","sub_00447610","unclassified"
"00447660","sub_00447660","unclassified"
"00447860","sub_00447860","unclassified"
"004478B0","sub_004478B0","unclassified"
"00447920","sub_00447920","unclassified"
"00447930","sub_00447930","unclassified"
"004479B0","sub_004479B0","unclassified"
"00448340","sub_00448340","unclassified"
"00448390","sub_00448390","unclassified"
"004483D0","sub_004483D0","unclassified"
"00448410","sub_00448410","unclassified"
"00448430","sub_00448430","unclassified"
"00448450","sub_00448450","unclassified"
"00448470","sub_00448470","unclassified"
"00448640","sub_00448640","unclassified"
"004486D0","sub_004486D0","unclassified"
"00448760","sub_00448760","unclassified"
"00448810","sub_00448810","unclassified"
"004488D0","sub_004488D0","unclassified"
"00448910","sub_00448910","unclassified"
"00448B30","sub_00448B30","unclassified"
"00449870","sub_00449870","unclassified"
"004498B0","sub_004498B0","unclassified"
"004498E0","sub_004498E0","unclassified"
"00449900","sub_00449900","unclassified"
"00449950","sub_00449950","unclassified"
"00449970","sub_00449970","unclassified"
"00449C20","sub_00449C20","unclassified"
"00449E90","sub_00449E90","unclassified"
"0044A030","sub_0044A030","unclassified"
"0044A190","sub_0044A190","unclassified"
"0044A280","sub_0044A280","unclassified"
"0044A2E0","sub_0044A2E0","unclassified"
"0044A320","sub_0044A320","unclassified"
"0044A380","sub_0044A380","unclassified"
"0044A480","sub_0044A480","unclassified"
"0044A4B0","sub_0044A4B0","unclassified"
"0044A550","sub_0044A550","unclassified"
"0044A5D0","sub_0044A5D0","unclassified"
"0044A6C0","sub_0044A6C0","unclassified"
"0044AA00","sub_0044AA00","unclassified"
"0044AD30","sub_0044AD30","unclassified"
"0044ADE0","sub_0044ADE0","unclassified"
"0044AE10","sub_0044AE10","unclassified"
"0044AE40","sub_0044AE40","unclassified"
"0044AE80","sub_0044AE80","unclassified"
"0044AE90","sub_0044AE90","unclassified"
"0044AEB0","sub_0044AEB0","unclassified"
"0044AEE0","sub_0044AEE0","unclassified"
"0044B09E","sub_0044B09E","unclassified"
"0044B0E1","sub_0044B0E1","unclassified"
"0044B309","sub_0044B309","unclassified"
"0044B320","sub_0044B320","unclassified"
"0044B337","sub_0044B337","unclassified"
"0044B380","sub_0044B380","unclassified"
"0044B395","sub_0044B395","unclassified"
"0044B3AC","sub_0044B3AC","unclassified"
"0044B3C5","sub_0044B3C5","unclassified"
"0044B408","sub_0044B408","unclassified"
"0044B510","sub_0044B510","unclassified"
"0044B740","sub_0044B740","unclassified"
"0044B7D0","sub_0044B7D0","unclassified"
"0044B7F0","sub_0044B7F0","unclassified"
"0044B820","sub_0044B820","unclassified"
"0044B8C0","sub_0044B8C0","unclassified"
"0044B920","sub_0044B920","unclassified"
"0044BA30","sub_0044BA30","unclassified"
"0044BB70","sub_0044BB70","unclassified"
"0044BBC0","sub_0044BBC0","unclassified"
"0044BBE0","sub_0044BBE0","unclassified"
"0044BC20","sub_0044BC20","unclassified"
"0044BD10","sub_0044BD10","unclassified"
"0044BDB0","sub_0044BDB0","unclassified"
"0044BFC0","sub_0044BFC0","unclassified"
"0044C120","sub_0044C120","unclassified"
"0044C310","sub_0044C310","unclassified"
"0044C360","sub_0044C360","unclassified"
"0044C3C0","sub_0044C3C0","unclassified"
"0044C3F0","sub_0044C3F0","unclassified"
"0044C400","sub_0044C400","unclassified"
"0044C442","sub_0044C442","unclassified"
"0044C4D6","sub_0044C4D6","unclassified"
"0044C5D0","sub_0044C5D0","unclassified"
"0044C610","sub_0044C610","unclassified"
"0044C7F0","sub_0044C7F0","unclassified"
"0044C830","sub_0044C830","unclassified"
"0044C850","sub_0044C850","unclassified"
"0044C8F0","sub_0044C8F0","unclassified"
"0044C980","sub_0044C980","unclassified"
"0044CA80","sub_0044CA80","unclassified"
"0044CAF0","sub_0044CAF0","unclassified"
"0044CB60","sub_0044CB60","unclassified"
"0044CC00","sub_0044CC00","unclassified"
"0044CC20","sub_0044CC20","unclassified"
"0044CC30","sub_0044CC30","unclassified"
"0044CC50","sub_0044CC50","unclassified"
"0044CD10","sub_0044CD10","unclassified"
"0044CEE0","sub_0044CEE0","unclassified"
"0044CF00","sub_0044CF00","unclassified"
"0044CF20","sub_0044CF20","unclassified"
"0044CF60","sub_0044CF60","unclassified"
"0044CFA0","sub_0044CFA0","unclassified"
"0044D040","sub_0044D040","unclassified"
"0044D0C0","sub_0044D0C0","unclassified"
"0044D190","sub_0044D190","unclassified"
"0044D1F0","sub_0044D1F0","unclassified"
"0044D270","sub_0044D270","unclassified"
"0044D2E0","sub_0044D2E0","unclassified"
"0044D360","sub_0044D360","unclassified"
"0044D380","sub_0044D380","unclassified"
"0044D740","sub_0044D740","unclassified"
"0044D960","sub_0044D960","unclassified"
"0044D990","sub_0044D990","unclassified"
"0044DAC0","sub_0044DAC0","unclassified"
"0044DBC0","sub_0044DBC0","unclassified"
"0044DBF0","sub_0044DBF0","unclassified"
"0044DC10","sub_0044DC10","unclassified"
"0044DCA0","sub_0044DCA0","unclassified"
"0044DE90","sub_0044DE90","unclassified"
"0044DED0","sub_0044DED0","unclassified"
"0044DF60","sub_0044DF60","unclassified"
"0044E516","sub_0044E516","unclassified"
"0044E529","sub_0044E529","unclassified"
"0044E751","sub_0044E751","unclassified"
"0044E766","sub_0044E766","unclassified"
"0044E96C","sub_0044E96C","unclassified"
"0044EA1E","sub_0044EA1E","unclassified"
"0044EC24","sub_0044EC24","unclassified"
"0044ECF0","sub_0044ECF0","unclassified"
"0044EE10","sub_0044EE10","unclassified"
"0044EE30","sub_0044EE30","unclassified"
"0044EEC0","sub_0044EEC0","unclassified"
"0044EEF0","sub_0044EEF0","unclassified"
"0044EF60","sub_0044EF60","unclassified"
"0044EF90","sub_0044EF90","unclassified"
"0044EFC0","sub_0044EFC0","unclassified"
"0044F0C0","sub_0044F0C0","unclassified"
"0044F850","sub_0044F850","unclassified"
"0044FBE0","sub_0044FBE0","unclassified"
"0044FD60","sub_0044FD60","unclassified"
"0044FDA0","sub_0044FDA0","unclassified"
"0044FE20","sub_0044FE20","unclassified"
"004500E0","sub_004500E0","unclassified"
"00450170","sub_00450170","unclassified"
"004501F0","sub_004501F0","unclassified"
"004504C0","sub_004504C0","unclassified"
"004506D0","sub_004506D0","unclassified"
"00450750","sub_00450750","unclassified"
"004507C0","sub_004507C0","unclassified"
"00450960","sub_00450960","unclassified"
"00450A10","sub_00450A10","unclassified"
"00450A60","sub_00450A60","unclassified"
"00450A70","sub_00450A70","unclassified"
"00450B00","sub_00450B00","unclassified"
"00450C10","sub_00450C10","unclassified"
"00450CF0","sub_00450CF0","unclassified"
"90D3F77D","sub_90D3F77D","unclassified"
"E8A0F765","sub_E8A0F765","unclassified"
"E8FCF775","sub_E8FCF775","unclassified"
